{
    "vertices":[-2.90797,1.24008,0.305404,-1.96361,1.24008,3.05828,-3.82129,1.24008,1.63314,-5.61723,1.24008,3.04487,-4.70842,1.24008,0.325627,-3.78639,1.24008,1.25155,-2.90797,0.790075,0.305404,-1.96361,0.790076,3.05828,-3.82129,0.790076,1.63314,-5.61723,0.790076,3.04487,-4.70842,0.790075,0.325627,-3.78639,0.790076,1.25155,-2.90797,0.790075,0.305404,-2.90797,1.24008,0.305404,-1.96361,0.790076,3.05828,-1.96361,1.24008,3.05828,-3.82129,0.790076,1.63314,-3.82129,1.24008,1.63314,-5.61723,0.790076,3.04487,-5.61723,1.24008,3.04487,-4.70842,0.790075,0.325627,-4.70842,1.24008,0.325627,-3.78639,0.790076,1.25155,-3.78639,1.24008,1.25155],
    "name":"MeshGeometry",
    "faces":[32,5,1,0,0,0,0,32,3,5,4,1,1,1,32,3,2,5,2,2,2,32,2,1,5,3,3,3,32,7,11,6,4,4,4,32,11,9,10,5,5,5,32,8,9,11,6,6,6,32,7,8,11,7,7,7,33,13,15,14,12,8,9,9,8,33,15,17,16,14,9,10,10,9,33,17,19,18,16,10,11,11,10,33,19,21,20,18,11,12,12,11,33,21,23,22,20,12,13,13,12,33,23,13,12,22,13,8,8,13],
    "uvs":[],
    "normals":[-0,-0,-1,0,-0,-1,-0,-0,-1,0,-0,-1,-0,0,1,0,0,1,-0,-0,1,0,0,1,0.207373,-0.97824,-0,0.583819,0.811853,-0,0.00589,0.999969,-0,-0.575793,0.817591,-0,-0.228339,-0.973571,-0,-0.017487,-0.999817,-0],
    "metadata":{
        "version":3,
        "type":"Geometry",
        "generator":"io_three",
        "uvs":0,
        "faces":14,
        "normals":14,
        "vertices":24
    }
}