{
    "vertices":[-2.90797,1.24008,0.305404,-1.96361,1.24008,3.05828,-3.82129,1.24008,1.63314,-5.61723,1.24008,3.04487,-4.70842,1.24008,0.325627,-3.78639,1.24008,1.25155,-2.90797,0.790075,0.305404,-1.96361,0.790076,3.05828,-3.82129,0.790076,1.63314,-5.61723,0.790076,3.04487,-4.70842,0.790075,0.325627,-3.78639,0.790076,1.25155,-2.90797,0.790075,0.305404,-2.90797,1.24008,0.305404,-1.96361,0.790076,3.05828,-1.96361,1.24008,3.05828,-3.82129,0.790076,1.63314,-3.82129,1.24008,1.63314,-5.61723,0.790076,3.04487,-5.61723,1.24008,3.04487,-4.70842,0.790075,0.325627,-4.70842,1.24008,0.325627,-3.78639,0.790076,1.25155,-3.78639,1.24008,1.25155],
    "normals":[-0,-0,-1,0,-0,-1,-0,-0,-1,0,-0,-1,-0,0,1,0,0,1,-0,-0,1,0,0,1,0.207373,-0.97824,-0,0.583819,0.811853,-0,0.00589,0.999969,-0,-0.575793,0.817591,-0,-0.228339,-0.973571,-0,-0.017487,-0.999817,-0],
    "name":"MeshGeometry.1",
    "metadata":{
        "vertices":24,
        "type":"Geometry",
        "version":3,
        "uvs":1,
        "faces":14,
        "generator":"io_three",
        "normals":14
    },
    "uvs":[[0,0,1,0,1,1,0,1]],
    "faces":[40,5,1,0,0,1,2,0,0,0,40,3,5,4,0,1,2,1,1,1,40,3,2,5,0,1,2,2,2,2,40,2,1,5,0,1,2,3,3,3,40,7,11,6,0,1,2,4,4,4,40,11,9,10,0,1,2,5,5,5,40,8,9,11,0,1,2,6,6,6,40,7,8,11,0,1,2,7,7,7,41,13,15,14,12,0,1,2,3,8,9,9,8,41,15,17,16,14,0,1,2,3,9,10,10,9,41,17,19,18,16,0,1,2,3,10,11,11,10,41,19,21,20,18,0,1,2,3,11,12,12,11,41,21,23,22,20,0,1,2,3,12,13,13,12,41,23,13,12,22,0,1,2,3,13,8,8,13]
}