{
    "metadata":{
        "vertices":24,
        "version":3,
        "uvs":1,
        "type":"Geometry",
        "generator":"io_three",
        "normals":18,
        "faces":14
    },
    "uvs":[[0.246197,0.633353,0.500865,0.349692,0.419778,0.765951,0.000141,0.34973,0.080616,0.765898,0.243686,0.545471,0.999859,0.765538,0.748743,0.483311,0.922852,0.349723,0.501148,0.765538,0.58369,0.349692,0.747282,0.569559,0.661677,0.015547,0.718897,0.349409,0.671696,0.300379,0.614996,0.080303,0.360934,0.33949,0.359388,0.246351,0.000141,0.349409,0.050746,0.298855,0.068311,0.000141,0.113623,0.075264,0.355114,0.037335,0.354799,0.132971]],
    "name":"MeshGeometry.1",
    "vertices":[3.39541,1.24008,-4.16172,4.99153,1.24008,4.08877,-0.099586,1.24008,0.202715,-4.93059,1.24008,4.0752,-3.32527,1.24008,-4.16935,-0.047587,1.24008,-1.53865,3.40373,0.790075,-4.18666,4.95163,0.790076,4.04887,-0.063674,0.790075,0.178773,-4.93059,0.790076,4.0752,-3.31695,0.790075,-4.16935,-0.039274,0.790075,-1.53034,3.40373,0.790075,-4.18666,3.41204,1.24008,-4.18666,4.98754,0.790076,4.0768,4.98754,1.24008,4.0768,-0.075645,0.790075,0.178773,-0.051703,1.24008,0.226656,-4.91264,0.790076,4.05525,-4.93658,1.24008,4.10313,-3.32527,0.790075,-4.17767,-3.32527,1.24008,-4.16935,-0.030961,0.790075,-1.53034,-0.030961,1.24008,-1.53034],
    "normals":[-0,-0,-1,0,-0,-1,-0,-0,-1,0,-0,-1,-0,0,1,0,0,1,-0,0,1,0,0,1,0.362987,-0.931761,0.003327,0.524674,0.849849,0.049226,0.34547,-0.938414,0.003174,-0.011322,0.997589,0.068178,0.029359,0.997101,0.07004,-0.511429,0.847896,0.139531,-0.521195,0.841975,0.139134,-0.347545,-0.93762,0.006836,-0.341044,-0.940001,0.006745,0.009217,-0.999908,-0.008148],
    "faces":[40,5,1,0,0,1,2,0,0,0,40,3,5,4,3,0,4,1,1,1,40,3,2,5,3,5,0,2,2,2,40,2,1,5,5,1,0,3,3,3,40,7,11,6,6,7,8,4,4,4,40,11,9,10,7,9,10,5,5,5,40,8,9,11,11,9,7,6,6,6,40,7,8,11,6,11,7,7,7,7,41,13,15,14,12,12,13,14,15,8,9,9,10,41,15,17,16,14,13,16,17,14,9,11,12,9,41,17,19,18,16,16,18,19,17,11,13,14,12,41,19,21,20,18,18,20,21,19,13,15,16,14,41,21,23,22,20,20,22,23,21,15,17,17,16,41,23,13,12,22,22,12,15,23,17,8,10,17]
}