{
    "name":"MeshGeometry.1",
    "vertices":[-4.95027,1.33505,4.11363,-3.34036,1.33505,-4.1747,2.74253,1.33505,0.623237,2.29927,1.33505,-1.74453,-4.94962,1.33505,4.11078,-3.03019,1.33505,0.650962,3.41849,1.33505,-4.18463,4.96218,1.33505,4.09073,-2.59194,1.33505,-1.63319,-3.02887,1.33505,0.649729,-4.95027,1.13505,4.11363,-3.34036,1.13505,-4.1747,2.74253,1.13505,0.623237,2.29927,1.13505,-1.74453,-4.94962,1.13505,4.11078,-3.03019,1.13505,0.650962,3.41849,1.13505,-4.18463,4.96218,1.13505,4.09073,-2.59194,1.13505,-1.63319,-3.02887,1.13505,0.649729,-4.95027,1.13505,4.11363,-4.95027,1.33505,4.11363,-3.34036,1.13505,-4.1747,-3.34036,1.33505,-4.1747,2.74253,1.13505,0.623237,2.74253,1.33505,0.623237,2.29927,1.13505,-1.74453,2.29927,1.33505,-1.74453,-4.94962,1.13505,4.11078,-4.94962,1.33505,4.11078,-3.03019,1.13505,0.650962,-3.03019,1.33505,0.650962,3.41849,1.13505,-4.18463,3.41849,1.33505,-4.18463,4.96218,1.13505,4.09073,4.96218,1.33505,4.09073,-2.59194,1.13505,-1.63319,-2.59194,1.33505,-1.63319,-3.02887,1.13505,0.649729,-3.02887,1.33505,0.649729],
    "uvs":[[0.620429,0.651374,0.890206,0.460077,0.921793,0.347487,0.99656,0.754937,0.501946,0.760843,0.618405,0.493364,0.585478,0.350236,0.758778,0.559712,0.831364,0.572263,0.623227,0.619679,0.587701,0.663672,0.108805,0.637873,0.391059,0.510201,0.072797,0.764847,-0.002484,0.35,0.500487,0.349179,0.501915,0.344788,0.421951,0.765293,0.367909,0.645258,0.082698,0.507249,0.498857,0.34681,0.390353,0.510669,0.124716,0.035037,0.053388,0.188638,0.030661,0.174298,0.106104,0.012943,0.039154,0.309549,0.015306,0.337293,0.129882,0.324732,0.136656,0.343503,0.296314,0.277829,0.304801,0.314802,0.494982,0.261278,0.503597,0.297842,0.550956,0.276459,0.674811,0.329419,0.687161,0.296736,0.70948,0.336314,0.649648,0.044911,0.651221,0.021748,0.308726,0.066068,0.306438,0.046044]],
    "normals":[0,0,-1,-0,-0,-1,-1e-06,-0,-1,0,-0,-1,-0,0,-1,-0,-0,-1,-0,-0,-1,0,-0,-1,0,-0,-1,0,0,-1,-0,0,1,-0,0,1,1e-06,0,1,0,0,1,0,0,1,-0,0,1,-0,0,1,0,0,1,0,0,1,-0,-0,1,-0.342082,0.939665,-0,-0.348094,-0.937437,-0,-0.517563,-0.855617,-0,-0.345836,0.938261,-0,-0.643391,0.765526,-0,-0.753807,-0.657063,-0,0.362987,-0.931761,-0,0.525559,0.850734,-0,0.35847,0.933531,-0,0.940123,0.3408,-0],
    "faces":[40,5,3,6,0,1,2,0,0,0,40,3,7,6,1,3,2,1,1,1,40,0,4,1,4,5,6,2,2,2,40,4,8,1,5,7,6,3,3,3,40,8,2,1,7,8,6,4,4,4,40,5,4,3,0,9,1,5,5,5,40,2,7,3,8,3,1,6,6,6,40,4,9,8,5,10,7,7,7,7,40,7,2,8,3,8,7,8,8,8,40,4,0,9,5,4,10,9,9,9,40,13,15,16,11,12,13,10,10,10,40,17,13,16,14,11,13,11,11,11,40,14,10,11,15,16,17,12,12,12,40,18,14,11,18,15,17,13,13,13,40,12,18,11,19,18,17,14,14,14,40,14,15,13,20,12,11,15,15,15,40,17,12,13,14,19,11,16,16,16,40,19,14,18,21,15,18,17,17,17,40,12,17,18,19,14,18,18,18,18,40,10,14,19,16,15,21,19,19,19,41,21,23,22,20,22,23,24,25,20,21,21,20,41,23,25,24,22,23,26,27,24,21,22,22,21,41,25,27,26,24,26,28,29,27,22,23,23,22,41,27,29,28,26,28,30,31,29,23,24,24,23,41,29,31,30,28,30,32,33,31,24,25,25,24,41,31,33,32,30,32,34,35,33,25,26,26,25,41,33,35,34,32,34,36,37,35,26,27,27,26,41,35,37,36,34,36,38,39,37,27,28,28,27,41,37,39,38,36,38,40,41,39,28,29,29,28,41,39,21,20,38,40,22,25,41,29,20,20,29],
    "metadata":{
        "normals":30,
        "type":"Geometry",
        "vertices":40,
        "uvs":1,
        "version":3,
        "faces":30,
        "generator":"io_three"
    }
}