{
    "name":"Mesh.001Geometry.1",
    "metadata":{
        "version":3,
        "uvs":1,
        "normals":20,
        "type":"Geometry",
        "vertices":20,
        "generator":"io_three",
        "faces":26
    },
    "normals":[-0.285073,-0.801721,0.525285,-0.325999,0.911313,0.251411,-0.281259,0.631031,-0.722953,-0.322062,-0.725669,-0.607959,-0.407208,-0.560076,-0.721427,-0.512589,-0.811884,0.279397,-0.330638,0.811518,-0.481735,-0.237373,0.744072,0.62447,-0.608844,0.680105,-0.408338,-0.47264,0.599078,0.64626,-0.595203,-0.486099,-0.639821,-0.533097,-0.497177,0.68453,0.259713,-0.753716,-0.603656,0.342906,-0.790979,0.506668,0.386578,0.682272,-0.620472,0.486679,0.742088,0.46086,0.262429,0.774529,-0.575488,0.328654,0.775475,0.539048,0.631062,0.241829,-0.737053,0.75634,0.26249,0.599139],
    "uvs":[[0.45948,0.131596,0.95131,0.10074,0.954565,0.088193,0.456478,0.119026,0.622482,0.92284,0.985522,0.953407,0.985558,0.941414,0.621339,0.910293,0.749416,0.742792,0.89143,0.755706,0.893454,0.742852,0.754466,0.730798,0.957683,0.075112,0.525494,0.062686,0.526524,0.049714,0.957559,0.062258,0.737285,0.801769,0.942398,0.801789,0.942585,0.788778,0.737326,0.788797,0.601018,0.968837,0.986607,0.988632,0.987111,0.975688,0.60122,0.955827,0.50058,0.10244,0.006935,0.082611,0.007754,0.069668,0.50182,0.089496,0.49484,0.069318,0.045559,0.049473,0.044707,0.036564,0.495905,0.056375,0.966797,0.831093,0.829658,0.850931,0.82839,0.838003,0.965392,0.818184,0.976958,0.89081,0.772565,0.89063,0.769563,0.878061,0.97569,0.877882,0.889445,0.11132,0.438246,0.45109,0.411704,0.314087,0.298313,0.10796,0.392458,0.606047,0.756677,0.32017,0.729242,0.459158,0.298207,0.109455,0.411417,0.314714,0.797308,0.605385,0.110952,0.991499,0.014139,0.499669,0.128283,0.704062,0.15645,0.841201,0.605731,0.499208,0.514156,0.992853,0.128567,0.703235,0.014528,0.498121,0.446717,0.845842,0.473992,0.703829]],
    "vertices":[-4.9312,5.13295,4.08626,-4.95676,5.34352,4.03597,-3.35405,4.61643,-4.25791,-3.3349,4.82662,-4.20337,2.7475,5.13778,0.531214,2.7469,5.3387,0.615802,2.2879,5.33971,-1.79717,2.28999,5.55505,-1.76327,-4.93297,5.12958,4.06121,-4.95023,5.3469,4.0619,-3.03643,5.12926,0.62262,-3.03981,5.34721,0.625748,3.42817,5.46199,-4.24682,3.41974,5.67883,-4.22605,4.97169,5.12982,4.02996,4.95385,5.34666,4.0437,-2.58698,4.79794,-1.662,-2.57271,5.01419,-1.68552,-3.03163,5.12995,0.633125,-3.04457,5.34653,0.611886],
    "faces":[41,2,0,1,3,2,3,0,1,0,1,2,3,41,3,5,4,2,4,5,6,7,3,4,5,0,41,5,7,6,4,8,9,10,11,4,6,7,5,41,7,9,8,6,12,13,14,15,6,8,9,7,41,9,11,10,8,16,17,18,19,8,10,11,9,41,11,13,12,10,20,21,22,23,10,12,13,11,41,13,15,14,12,24,25,26,27,12,14,15,13,41,15,17,16,14,28,29,30,31,14,16,17,15,41,17,19,18,16,32,33,34,35,16,18,19,17,41,0,18,19,1,38,39,36,37,1,19,18,2,40,16,18,0,41,42,43,17,19,1,40,8,10,12,47,48,49,9,11,13,40,16,0,2,41,43,44,17,1,0,40,6,8,12,46,47,49,7,9,13,40,14,16,2,40,41,44,15,17,0,40,6,12,14,46,49,40,7,13,15,40,14,2,4,40,44,45,15,0,5,40,14,4,6,40,45,46,15,5,7,40,3,1,19,50,51,52,3,2,18,40,11,9,7,56,57,58,10,8,6,40,3,19,17,50,52,53,3,18,16,40,13,11,7,55,56,58,12,10,6,40,5,3,17,59,50,53,4,3,16,40,13,7,5,55,58,59,12,6,4,40,5,17,15,59,53,54,4,16,14,40,15,13,5,54,55,59,14,12,4]
}